data-len,word,context,q05,q95,posterior-mean
200,word0,word1_c,0.3987949425441161,0.5589863749959557,0.4845219552272015
200,word1,word2_c,0.2900314077783172,0.753708857667753,0.5287333330710791
200,word2,word3_c,0.4984309920929753,0.7922960722525955,0.612354936510254
200,word3,word4_c,,,
100,word0,word1_c,,,
100,word1,word2_c,,,
100,word2,word3_c,,,
100,word3,word4_c,,,
500,word0,word1_c,,,
500,word1,word2_c,,,
500,word2,word3_c,,,
500,word3,word4_c,,,
1000,word0,word1_c,,,
1000,word1,word2_c,,,
1000,word2,word3_c,,,
1000,word3,word4_c,,,
2000,word0,word1_c,,,
2000,word1,word2_c,0.3410839293688498,0.8126807609626977,0.6193119367539626
2000,word2,word3_c,0.21085134401447872,0.5607797103235324,0.430391721000598
2000,word3,word4_c,,,
5000,word0,word1_c,0.5262018826947581,0.6980019059131561,0.6088860317962098
5000,word1,word2_c,0.5648971891082212,0.7754109003862648,0.6750572964566186
5000,word2,word3_c,0.43524334601644915,0.5309255273513057,0.4821316175466513
5000,word3,word4_c,0.4567222226844673,0.5914711959464419,0.5140064489043749
10000,word0,word1_c,0.5867908468917277,0.6823040500737141,0.6329025397376886
10000,word1,word2_c,0.613434378695947,0.7499757835369003,0.6824131341158867
10000,word2,word3_c,0.4503330805027441,0.5093466558119183,0.4808904756496162
10000,word3,word4_c,0.46358168950507966,0.5511242924595465,0.5082099941268453
20000,word0,word1_c,0.6059646584332843,0.6766375424089299,0.6428610417714412
20000,word1,word2_c,0.6406616930360901,0.7388004888747796,0.6879322428468062
20000,word2,word3_c,0.4526986796750052,0.5024861326967744,0.47887879953716117
20000,word3,word4_c,0.4825281006036589,0.5327973946397225,0.509984991946489
50000,word0,word1_c,0.6288323049325448,0.6742372795227913,0.6526461049569932
50000,word1,word2_c,0.6569690231083612,0.7136603289739817,0.6848411594435113
50000,word2,word3_c,0.4630732336914342,0.4936711878016719,0.4791981602298994
50000,word3,word4_c,0.4867779886597958,0.5253663084828173,0.5056088195908917
100000,word0,word1_c,0.636696928950188,0.6730063531498945,0.6525086446989374
100000,word1,word2_c,0.6618624335042667,0.7046158663614499,0.6844855744074283
100000,word2,word3_c,0.46564504302354676,0.4880252656499837,0.4769694209215151
100000,word3,word4_c,0.4912781924027656,0.5195383104507518,0.505219360911538
