w1,w2,dot-true,dot-estimate,sampling,estimation,run_id
the,the_c,1.1407322884861375,1.1200543978149557,0,0,womjooyg
the,cat_c,-1.204231285472097,-1.2175158188903727,0,0,womjooyg
the,saw_c,-2.72594865207129,-2.697737710952648,0,0,womjooyg
the,dog_c,-3.9678563500736295,-3.8959972717442803,0,0,womjooyg
cat,the_c,-3.5733601333746416,-3.461160552938724,0,0,womjooyg
cat,cat_c,3.7187833120441507,3.77323207974314,0,0,womjooyg
cat,saw_c,8.371321432614806,8.36958727010737,0,0,womjooyg
cat,dog_c,12.166513957270988,12.09076456908064,0,0,womjooyg
saw,the_c,-1.5177684660242912,-1.490021665635001,0,0,womjooyg
saw,cat_c,1.0021824238024497,1.0115011112520813,0,0,womjooyg
saw,saw_c,1.7449681975981062,1.741027617170635,0,0,womjooyg
saw,dog_c,2.3304371274737616,2.3111739205080473,0,0,womjooyg
dog,the_c,-2.4002787456733286,-2.3762399908319276,0,0,womjooyg
dog,cat_c,0.9868816403938112,0.98764062032516,0,0,womjooyg
dog,saw_c,0.8840510677314457,0.8761841760494705,0,0,womjooyg
dog,dog_c,0.7466726194960137,0.7324053189367584,0,0,womjooyg
the,the_c,1.1407322884861375,1.1200172717418824,0,1,dtidkomb
the,cat_c,-1.204231285472097,-1.217786989017366,0,1,dtidkomb
the,saw_c,-2.72594865207129,-2.6980884049399223,0,1,dtidkomb
the,dog_c,-3.9678563500736295,-3.8951943819334263,0,1,dtidkomb
cat,the_c,-3.5733601333746416,-3.459540073559402,0,1,dtidkomb
cat,cat_c,3.7187833120441507,3.771009305038185,0,1,dtidkomb
cat,saw_c,8.371321432614806,8.362717045195067,0,1,dtidkomb
cat,dog_c,12.166513957270988,12.076295542922054,0,1,dtidkomb
saw,the_c,-1.5177684660242912,-1.4887626025466933,0,1,dtidkomb
saw,cat_c,1.0021824238024497,1.0113197192288852,0,1,dtidkomb
saw,saw_c,1.7449681975981062,1.7410249627653283,0,1,dtidkomb
saw,dog_c,2.3304371274737616,2.3114393518282292,0,1,dtidkomb
dog,the_c,-2.4002787456733286,-2.3780352088373964,0,1,dtidkomb
dog,cat_c,0.9868816403938112,0.9885574469800922,0,1,dtidkomb
dog,saw_c,0.8840510677314457,0.8765415987820545,0,1,dtidkomb
dog,dog_c,0.7466726194960137,0.7341799534439883,0,1,dtidkomb
the,the_c,1.1407322884861375,1.1207740848172052,0,2,pkthmlrm
the,cat_c,-1.204231285472097,-1.2189781344520292,0,2,pkthmlrm
the,saw_c,-2.72594865207129,-2.69809898687703,0,2,pkthmlrm
the,dog_c,-3.9678563500736295,-3.8971434170180537,0,2,pkthmlrm
cat,the_c,-3.5733601333746416,-3.4590259041938745,0,2,pkthmlrm
cat,cat_c,3.7187833120441507,3.7766182856989143,0,2,pkthmlrm
cat,saw_c,8.371321432614806,8.371124736808852,0,2,pkthmlrm
cat,dog_c,12.166513957270988,12.096106540360832,0,2,pkthmlrm
saw,the_c,-1.5177684660242912,-1.4886417395133582,0,2,pkthmlrm
saw,cat_c,1.0021824238024497,1.011379647298606,0,2,pkthmlrm
saw,saw_c,1.7449681975981062,1.7393399818689672,0,2,pkthmlrm
saw,dog_c,2.3304371274737616,2.3101750229802818,0,2,pkthmlrm
dog,the_c,-2.4002787456733286,-2.378193133781225,0,2,pkthmlrm
dog,cat_c,0.9868816403938112,0.9889062889306652,0,2,pkthmlrm
dog,saw_c,0.8840510677314457,0.8762835917601648,0,2,pkthmlrm
dog,dog_c,0.7466726194960137,0.7342889536283065,0,2,pkthmlrm
the,the_c,1.1407322884861375,1.1206455633617423,0,3,qckqjbea
the,cat_c,-1.204231285472097,-1.2177391951243763,0,3,qckqjbea
the,saw_c,-2.72594865207129,-2.6979546004065753,0,3,qckqjbea
the,dog_c,-3.9678563500736295,-3.8944362111051154,0,3,qckqjbea
cat,the_c,-3.5733601333746416,-3.463047227766518,0,3,qckqjbea
cat,cat_c,3.7187833120441507,3.775675653946845,0,3,qckqjbea
cat,saw_c,8.371321432614806,8.375525327363881,0,3,qckqjbea
cat,dog_c,12.166513957270988,12.094100991020097,0,3,qckqjbea
saw,the_c,-1.5177684660242912,-1.4911223730744956,0,3,qckqjbea
saw,cat_c,1.0021824238024497,1.0119316241581213,0,3,qckqjbea
saw,saw_c,1.7449681975981062,1.7417143158028772,0,3,qckqjbea
saw,dog_c,2.3304371274737616,2.3101420327350866,0,3,qckqjbea
dog,the_c,-2.4002787456733286,-2.3759840415235756,0,3,qckqjbea
dog,cat_c,0.9868816403938112,0.9874692687017771,0,3,qckqjbea
dog,saw_c,0.8840510677314457,0.8767519278269518,0,3,qckqjbea
dog,dog_c,0.7466726194960137,0.7309987991159081,0,3,qckqjbea
the,the_c,1.1407322884861375,1.1205365508246372,0,4,bmxufjvj
the,cat_c,-1.204231285472097,-1.218082754407751,0,4,bmxufjvj
the,saw_c,-2.72594865207129,-2.697660678264286,0,4,bmxufjvj
the,dog_c,-3.9678563500736295,-3.896520390978776,0,4,bmxufjvj
cat,the_c,-3.5733601333746416,-3.461662576285334,0,4,bmxufjvj
cat,cat_c,3.7187833120441507,3.7758477433284323,0,4,bmxufjvj
cat,saw_c,8.371321432614806,8.372842713808609,0,4,bmxufjvj
cat,dog_c,12.166513957270988,12.098094009044067,0,4,bmxufjvj
saw,the_c,-1.5177684660242912,-1.4903099485898468,0,4,bmxufjvj
saw,cat_c,1.0021824238024497,1.011815439945704,0,4,bmxufjvj
saw,saw_c,1.7449681975981062,1.7406278799565935,0,4,bmxufjvj
saw,dog_c,2.3304371274737616,2.3104278187369753,0,4,bmxufjvj
dog,the_c,-2.4002787456733286,-2.376048376354548,0,4,bmxufjvj
dog,cat_c,0.9868816403938112,0.9880284205078445,0,4,bmxufjvj
dog,saw_c,0.8840510677314457,0.8765278849334568,0,4,bmxufjvj
dog,dog_c,0.7466726194960137,0.7318097283291747,0,4,bmxufjvj
the,the_c,1.1407322884861375,1.1194007555343362,1,0,ivxprbbl
the,cat_c,-1.204231285472097,-1.173494557198284,1,0,ivxprbbl
the,saw_c,-2.72594865207129,-2.682052536240526,1,0,ivxprbbl
the,dog_c,-3.9678563500736295,-4.024806698336985,1,0,ivxprbbl
cat,the_c,-3.5733601333746416,-3.6963106573719995,1,0,ivxprbbl
cat,cat_c,3.7187833120441507,3.675242001945698,1,0,ivxprbbl
cat,saw_c,8.371321432614806,8.21707517446745,1,0,ivxprbbl
cat,dog_c,12.166513957270988,12.252100634592178,1,0,ivxprbbl
saw,the_c,-1.5177684660242912,-1.540220296124203,1,0,ivxprbbl
saw,cat_c,1.0021824238024497,1.0000342732699297,1,0,ivxprbbl
saw,saw_c,1.7449681975981062,1.723011539184204,1,0,ivxprbbl
saw,dog_c,2.3304371274737616,2.3430732117225546,1,0,ivxprbbl
dog,the_c,-2.4002787456733286,-2.473434353457517,1,0,ivxprbbl
dog,cat_c,0.9868816403938112,1.0276742359648416,1,0,ivxprbbl
dog,saw_c,0.8840510677314457,0.9159797468185371,1,0,ivxprbbl
dog,dog_c,0.7466726194960137,0.7568293999969075,1,0,ivxprbbl
the,the_c,1.1407322884861375,1.1196901323285893,1,1,qkywenxz
the,cat_c,-1.204231285472097,-1.174246691894268,1,1,qkywenxz
the,saw_c,-2.72594865207129,-2.682239574312316,1,1,qkywenxz
the,dog_c,-3.9678563500736295,-4.0248820597952735,1,1,qkywenxz
cat,the_c,-3.5733601333746416,-3.6962476325817324,1,1,qkywenxz
cat,cat_c,3.7187833120441507,3.67595519489315,1,1,qkywenxz
cat,saw_c,8.371321432614806,8.213483732887008,1,1,qkywenxz
cat,dog_c,12.166513957270988,12.245852935377798,1,1,qkywenxz
saw,the_c,-1.5177684660242912,-1.5399232279872652,1,1,qkywenxz
saw,cat_c,1.0021824238024497,1.000274620490753,1,1,qkywenxz
saw,saw_c,1.7449681975981062,1.7228620418021596,1,1,qkywenxz
saw,dog_c,2.3304371274737616,2.3428372052530344,1,1,qkywenxz
dog,the_c,-2.4002787456733286,-2.4730049896537127,1,1,qkywenxz
dog,cat_c,0.9868816403938112,1.0276940985658776,1,1,qkywenxz
dog,saw_c,0.8840510677314457,0.915904028404473,1,1,qkywenxz
dog,dog_c,0.7466726194960137,0.7568119816539244,1,1,qkywenxz
the,the_c,1.1407322884861375,1.1193506334437202,1,2,sjmilhih
the,cat_c,-1.204231285472097,-1.172427453213395,1,2,sjmilhih
the,saw_c,-2.72594865207129,-2.681344264543863,1,2,sjmilhih
the,dog_c,-3.9678563500736295,-4.024429503995705,1,2,sjmilhih
cat,the_c,-3.5733601333746416,-3.6955604653903933,1,2,sjmilhih
cat,cat_c,3.7187833120441507,3.6746505701582284,1,2,sjmilhih
cat,saw_c,8.371321432614806,8.223893351005755,1,2,sjmilhih
cat,dog_c,12.166513957270988,12.265657427792542,1,2,sjmilhih
saw,the_c,-1.5177684660242912,-1.5404643507439877,1,2,sjmilhih
saw,cat_c,1.0021824238024497,0.999759294660041,1,2,sjmilhih
saw,saw_c,1.7449681975981062,1.723090111182961,1,2,sjmilhih
saw,dog_c,2.3304371274737616,2.3434203038027386,1,2,sjmilhih
dog,the_c,-2.4002787456733286,-2.4730974178966805,1,2,sjmilhih
dog,cat_c,0.9868816403938112,1.0277038323244234,1,2,sjmilhih
dog,saw_c,0.8840510677314457,0.9159925113394983,1,2,sjmilhih
dog,dog_c,0.7466726194960137,0.756710562093267,1,2,sjmilhih
the,the_c,1.1407322884861375,1.1196413459241146,1,3,toxqftxm
the,cat_c,-1.204231285472097,-1.172127082263017,1,3,toxqftxm
the,saw_c,-2.72594865207129,-2.680763813554727,1,3,toxqftxm
the,dog_c,-3.9678563500736295,-4.023704445257265,1,3,toxqftxm
cat,the_c,-3.5733601333746416,-3.694505738870105,1,3,toxqftxm
cat,cat_c,3.7187833120441507,3.675357921613566,1,3,toxqftxm
cat,saw_c,8.371321432614806,8.228867429648671,1,3,toxqftxm
cat,dog_c,12.166513957270988,12.274922561346019,1,3,toxqftxm
saw,the_c,-1.5177684660242912,-1.5401103266052933,1,3,toxqftxm
saw,cat_c,1.0021824238024497,0.999809463737493,1,3,toxqftxm
saw,saw_c,1.7449681975981062,1.7229397684029677,1,3,toxqftxm
saw,dog_c,2.3304371274737616,2.3432896998427646,1,3,toxqftxm
dog,the_c,-2.4002787456733286,-2.4730799272414314,1,3,toxqftxm
dog,cat_c,0.9868816403938112,1.0284505385247795,1,3,toxqftxm
dog,saw_c,0.8840510677314457,0.9158850295115286,1,3,toxqftxm
dog,dog_c,0.7466726194960137,0.7561703255466106,1,3,toxqftxm
the,the_c,1.1407322884861375,1.120112282124202,1,4,nvpnrkhz
the,cat_c,-1.204231285472097,-1.1745347732592102,1,4,nvpnrkhz
the,saw_c,-2.72594865207129,-2.6823826194135085,1,4,nvpnrkhz
the,dog_c,-3.9678563500736295,-4.02502073142773,1,4,nvpnrkhz
cat,the_c,-3.5733601333746416,-3.6961400272781177,1,4,nvpnrkhz
cat,cat_c,3.7187833120441507,3.677293408612067,1,4,nvpnrkhz
cat,saw_c,8.371321432614806,8.216393985821721,1,4,nvpnrkhz
cat,dog_c,12.166513957270988,12.250631566040719,1,4,nvpnrkhz
saw,the_c,-1.5177684660242912,-1.5402362601846666,1,4,nvpnrkhz
saw,cat_c,1.0021824238024497,1.000579085195787,1,4,nvpnrkhz
saw,saw_c,1.7449681975981062,1.7222777076541176,1,4,nvpnrkhz
saw,dog_c,2.3304371274737616,2.341585840678512,1,4,nvpnrkhz
dog,the_c,-2.4002787456733286,-2.473910738239805,1,4,nvpnrkhz
dog,cat_c,0.9868816403938112,1.028806818723065,1,4,nvpnrkhz
dog,saw_c,0.8840510677314457,0.9158735359237722,1,4,nvpnrkhz
dog,dog_c,0.7466726194960137,0.7559197279976453,1,4,nvpnrkhz
the,the_c,1.1407322884861375,1.0816198941870598,2,0,nhcjyzgx
the,cat_c,-1.204231285472097,-1.2192459069020236,2,0,nhcjyzgx
the,saw_c,-2.72594865207129,-2.7101523482566083,2,0,nhcjyzgx
the,dog_c,-3.9678563500736295,-4.022334201546299,2,0,nhcjyzgx
cat,the_c,-3.5733601333746416,-3.6199340781429443,2,0,nhcjyzgx
cat,cat_c,3.7187833120441507,3.788546297636481,2,0,nhcjyzgx
cat,saw_c,8.371321432614806,8.177335527686848,2,0,nhcjyzgx
cat,dog_c,12.166513957270988,12.032155698708104,2,0,nhcjyzgx
saw,the_c,-1.5177684660242912,-1.4797363416069873,2,0,nhcjyzgx
saw,cat_c,1.0021824238024497,1.017541094023194,2,0,nhcjyzgx
saw,saw_c,1.7449681975981062,1.7184912353757804,2,0,nhcjyzgx
saw,dog_c,2.3304371274737616,2.3179116617206486,2,0,nhcjyzgx
dog,the_c,-2.4002787456733286,-2.3950131897896387,2,0,nhcjyzgx
dog,cat_c,0.9868816403938112,1.042342228641569,2,0,nhcjyzgx
dog,saw_c,0.8840510677314457,0.9325792206591151,2,0,nhcjyzgx
dog,dog_c,0.7466726194960137,0.7913784685400643,2,0,nhcjyzgx
the,the_c,1.1407322884861375,1.0817297181867183,2,1,onuptljo
the,cat_c,-1.204231285472097,-1.2192752610782687,2,1,onuptljo
the,saw_c,-2.72594865207129,-2.710055593371279,2,1,onuptljo
the,dog_c,-3.9678563500736295,-4.022804708119005,2,1,onuptljo
cat,the_c,-3.5733601333746416,-3.620069844423671,2,1,onuptljo
cat,cat_c,3.7187833120441507,3.788954059299806,2,1,onuptljo
cat,saw_c,8.371321432614806,8.178818165825163,2,1,onuptljo
cat,dog_c,12.166513957270988,12.036535880133417,2,1,onuptljo
saw,the_c,-1.5177684660242912,-1.4802151954924685,2,1,onuptljo
saw,cat_c,1.0021824238024497,1.0170506356460507,2,1,onuptljo
saw,saw_c,1.7449681975981062,1.717861052784162,2,1,onuptljo
saw,dog_c,2.3304371274737616,2.3173165942757326,2,1,onuptljo
dog,the_c,-2.4002787456733286,-2.3959600766408595,2,1,onuptljo
dog,cat_c,0.9868816403938112,1.0419199161100146,2,1,onuptljo
dog,saw_c,0.8840510677314457,0.9338643913667386,2,1,onuptljo
dog,dog_c,0.7466726194960137,0.7937352025702039,2,1,onuptljo
the,the_c,1.1407322884861375,1.081435005267069,2,2,wssmzzgn
the,cat_c,-1.204231285472097,-1.2194494181155366,2,2,wssmzzgn
the,saw_c,-2.72594865207129,-2.710170718819272,2,2,wssmzzgn
the,dog_c,-3.9678563500736295,-4.0220541392919955,2,2,wssmzzgn
cat,the_c,-3.5733601333746416,-3.619609687652645,2,2,wssmzzgn
cat,cat_c,3.7187833120441507,3.78847531131607,2,2,wssmzzgn
cat,saw_c,8.371321432614806,8.175186359876218,2,2,wssmzzgn
cat,dog_c,12.166513957270988,12.027756990048871,2,2,wssmzzgn
saw,the_c,-1.5177684660242912,-1.4798249264461953,2,2,wssmzzgn
saw,cat_c,1.0021824238024497,1.0177187308609594,2,2,wssmzzgn
saw,saw_c,1.7449681975981062,1.7187008167784208,2,2,wssmzzgn
saw,dog_c,2.3304371274737616,2.3180889580376887,2,2,wssmzzgn
dog,the_c,-2.4002787456733286,-2.3948574254169688,2,2,wssmzzgn
dog,cat_c,0.9868816403938112,1.0420563764594768,2,2,wssmzzgn
dog,saw_c,0.8840510677314457,0.9322036407783962,2,2,wssmzzgn
dog,dog_c,0.7466726194960137,0.7909481286435159,2,2,wssmzzgn
the,the_c,1.1407322884861375,1.0815650975096276,2,3,gdqnykqf
the,cat_c,-1.204231285472097,-1.2195876482558086,2,3,gdqnykqf
the,saw_c,-2.72594865207129,-2.7102247118324496,2,3,gdqnykqf
the,dog_c,-3.9678563500736295,-4.022913017967212,2,3,gdqnykqf
cat,the_c,-3.5733601333746416,-3.617494555992009,2,3,gdqnykqf
cat,cat_c,3.7187833120441507,3.790163316482156,2,3,gdqnykqf
cat,saw_c,8.371321432614806,8.180771930029437,2,3,gdqnykqf
cat,dog_c,12.166513957270988,12.03964819115491,2,3,gdqnykqf
saw,the_c,-1.5177684660242912,-1.479767368427856,2,3,gdqnykqf
saw,cat_c,1.0021824238024497,1.0182854284947247,2,3,gdqnykqf
saw,saw_c,1.7449681975981062,1.7184828644655805,2,3,gdqnykqf
saw,dog_c,2.3304371274737616,2.3180074039209453,2,3,gdqnykqf
dog,the_c,-2.4002787456733286,-2.3930519883105634,2,3,gdqnykqf
dog,cat_c,0.9868816403938112,1.0437177709317749,2,3,gdqnykqf
dog,saw_c,0.8840510677314457,0.934193002800513,2,3,gdqnykqf
dog,dog_c,0.7466726194960137,0.7942708728164872,2,3,gdqnykqf
the,the_c,1.1407322884861375,1.0813643087883287,2,4,omppmatl
the,cat_c,-1.204231285472097,-1.2196058949896134,2,4,omppmatl
the,saw_c,-2.72594865207129,-2.710173390686415,2,4,omppmatl
the,dog_c,-3.9678563500736295,-4.022090037789931,2,4,omppmatl
cat,the_c,-3.5733601333746416,-3.619089702122544,2,4,omppmatl
cat,cat_c,3.7187833120441507,3.78875410855027,2,4,omppmatl
cat,saw_c,8.371321432614806,8.174913330040118,2,4,omppmatl
cat,dog_c,12.166513957270988,12.027522466213817,2,4,omppmatl
saw,the_c,-1.5177684660242912,-1.4799492173659385,2,4,omppmatl
saw,cat_c,1.0021824238024497,1.0178573724199211,2,4,omppmatl
saw,saw_c,1.7449681975981062,1.718710283408848,2,4,omppmatl
saw,dog_c,2.3304371274737616,2.3181132075593687,2,4,omppmatl
dog,the_c,-2.4002787456733286,-2.394592426912347,2,4,omppmatl
dog,cat_c,0.9868816403938112,1.0420863143027201,2,4,omppmatl
dog,saw_c,0.8840510677314457,0.9324761669810865,2,4,omppmatl
dog,dog_c,0.7466726194960137,0.791564041789547,2,4,omppmatl
the,the_c,1.1407322884861375,1.0854935206339174,3,0,lsxmouxm
the,cat_c,-1.204231285472097,-1.225530328125489,3,0,lsxmouxm
the,saw_c,-2.72594865207129,-2.7525660845615154,3,0,lsxmouxm
the,dog_c,-3.9678563500736295,-3.8563337179497887,3,0,lsxmouxm
cat,the_c,-3.5733601333746416,-3.5546549107052963,3,0,lsxmouxm
cat,cat_c,3.7187833120441507,3.7118504676377153,3,0,lsxmouxm
cat,saw_c,8.371321432614806,8.09698663724831,3,0,lsxmouxm
cat,dog_c,12.166513957270988,11.253247741076994,3,0,lsxmouxm
saw,the_c,-1.5177684660242912,-1.5082760582954213,3,0,lsxmouxm
saw,cat_c,1.0021824238024497,1.0490016524341201,3,0,lsxmouxm
saw,saw_c,1.7449681975981062,1.8356001453449493,3,0,lsxmouxm
saw,dog_c,2.3304371274737616,2.3751160180598667,3,0,lsxmouxm
dog,the_c,-2.4002787456733286,-2.3987665796471576,3,0,lsxmouxm
dog,cat_c,0.9868816403938112,1.0036509168667358,3,0,lsxmouxm
dog,saw_c,0.8840510677314457,0.8973486057119526,3,0,lsxmouxm
dog,dog_c,0.7466726194960137,0.7447764310447295,3,0,lsxmouxm
the,the_c,1.1407322884861375,1.0820112255079675,3,1,jwikbfrf
the,cat_c,-1.204231285472097,-1.228150598008767,3,1,jwikbfrf
the,saw_c,-2.72594865207129,-2.7558609625388106,3,1,jwikbfrf
the,dog_c,-3.9678563500736295,-3.8569795514029033,3,1,jwikbfrf
cat,the_c,-3.5733601333746416,-3.546286197242176,3,1,jwikbfrf
cat,cat_c,3.7187833120441507,3.7159416759024104,3,1,jwikbfrf
cat,saw_c,8.371321432614806,8.094178264366212,3,1,jwikbfrf
cat,dog_c,12.166513957270988,11.235996377703946,3,1,jwikbfrf
saw,the_c,-1.5177684660242912,-1.5040916606598407,3,1,jwikbfrf
saw,cat_c,1.0021824238024497,1.0488351476710454,3,1,jwikbfrf
saw,saw_c,1.7449681975981062,1.8339806239042105,3,1,jwikbfrf
saw,dog_c,2.3304371274737616,2.3703892865893033,3,1,jwikbfrf
dog,the_c,-2.4002787456733286,-2.398210826407591,3,1,jwikbfrf
dog,cat_c,0.9868816403938112,1.0043081181918514,3,1,jwikbfrf
dog,saw_c,0.8840510677314457,0.898140846456872,3,1,jwikbfrf
dog,dog_c,0.7466726194960137,0.7446627928948368,3,1,jwikbfrf
the,the_c,1.1407322884861375,1.0830094872795055,3,2,usvurmqu
the,cat_c,-1.204231285472097,-1.2272528311163553,3,2,usvurmqu
the,saw_c,-2.72594865207129,-2.7546218569014878,3,2,usvurmqu
the,dog_c,-3.9678563500736295,-3.8569806632854218,3,2,usvurmqu
cat,the_c,-3.5733601333746416,-3.548966966381615,3,2,usvurmqu
cat,cat_c,3.7187833120441507,3.715060560213424,3,2,usvurmqu
cat,saw_c,8.371321432614806,8.095947860682115,3,2,usvurmqu
cat,dog_c,12.166513957270988,11.244437684492649,3,2,usvurmqu
saw,the_c,-1.5177684660242912,-1.5050016416950647,3,2,usvurmqu
saw,cat_c,1.0021824238024497,1.04880537076545,3,2,usvurmqu
saw,saw_c,1.7449681975981062,1.8343467853590183,3,2,usvurmqu
saw,dog_c,2.3304371274737616,2.3726891415143547,3,2,usvurmqu
dog,the_c,-2.4002787456733286,-2.3995834407409213,3,2,usvurmqu
dog,cat_c,0.9868816403938112,1.0043446883729437,3,2,usvurmqu
dog,saw_c,0.8840510677314457,0.8969819843526565,3,2,usvurmqu
dog,dog_c,0.7466726194960137,0.7447737899674747,3,2,usvurmqu
the,the_c,1.1407322884861375,1.0840334782713432,3,3,qbtbnhpl
the,cat_c,-1.204231285472097,-1.2268787949590712,3,3,qbtbnhpl
the,saw_c,-2.72594865207129,-2.753228291387096,3,3,qbtbnhpl
the,dog_c,-3.9678563500736295,-3.856338145382345,3,3,qbtbnhpl
cat,the_c,-3.5733601333746416,-3.5520158012588956,3,3,qbtbnhpl
cat,cat_c,3.7187833120441507,3.7141337545526123,3,3,qbtbnhpl
cat,saw_c,8.371321432614806,8.092578034889105,3,3,qbtbnhpl
cat,dog_c,12.166513957270988,11.24379164112296,3,3,qbtbnhpl
saw,the_c,-1.5177684660242912,-1.507166546294216,3,3,qbtbnhpl
saw,cat_c,1.0021824238024497,1.0489027918373468,3,3,qbtbnhpl
saw,saw_c,1.7449681975981062,1.8336500662461104,3,3,qbtbnhpl
saw,dog_c,2.3304371274737616,2.372589752319473,3,3,qbtbnhpl
dog,the_c,-2.4002787456733286,-2.400854014952187,3,3,qbtbnhpl
dog,cat_c,0.9868816403938112,1.003928089940501,3,3,qbtbnhpl
dog,saw_c,0.8840510677314457,0.8961211771524069,3,3,qbtbnhpl
dog,dog_c,0.7466726194960137,0.7446388886282992,3,3,qbtbnhpl
the,the_c,1.1407322884861375,1.0836831385964119,3,4,cxbppmbc
the,cat_c,-1.204231285472097,-1.2267896734114048,3,4,cxbppmbc
the,saw_c,-2.72594865207129,-2.754003191514106,3,4,cxbppmbc
the,dog_c,-3.9678563500736295,-3.8565023223885024,3,4,cxbppmbc
cat,the_c,-3.5733601333746416,-3.550091473401038,3,4,cxbppmbc
cat,cat_c,3.7187833120441507,3.714064657166923,3,4,cxbppmbc
cat,saw_c,8.371321432614806,8.096094246874143,3,4,cxbppmbc
cat,dog_c,12.166513957270988,11.245852456448649,3,4,cxbppmbc
saw,the_c,-1.5177684660242912,-1.506200213686505,3,4,cxbppmbc
saw,cat_c,1.0021824238024497,1.0490119593543232,3,4,cxbppmbc
saw,saw_c,1.7449681975981062,1.8350141170966339,3,4,cxbppmbc
saw,dog_c,2.3304371274737616,2.373074998086143,3,4,cxbppmbc
dog,the_c,-2.4002787456733286,-2.398346761729604,3,4,cxbppmbc
dog,cat_c,0.9868816403938112,1.0039622601654028,3,4,cxbppmbc
dog,saw_c,0.8840510677314457,0.8978737490873987,3,4,cxbppmbc
dog,dog_c,0.7466726194960137,0.7447271090901265,3,4,cxbppmbc
the,the_c,1.1407322884861375,1.1348660758808433,4,0,wucmfvlw
the,cat_c,-1.204231285472097,-1.1848950044047766,4,0,wucmfvlw
the,saw_c,-2.72594865207129,-2.6935426567077756,4,0,wucmfvlw
the,dog_c,-3.9678563500736295,-3.944387268186155,4,0,wucmfvlw
cat,the_c,-3.5733601333746416,-3.546370610643448,4,0,wucmfvlw
cat,cat_c,3.7187833120441507,3.6822327446352627,4,0,wucmfvlw
cat,saw_c,8.371321432614806,8.35118681616289,4,0,wucmfvlw
cat,dog_c,12.166513957270988,12.22269814690508,4,0,wucmfvlw
saw,the_c,-1.5177684660242912,-1.574425960326549,4,0,wucmfvlw
saw,cat_c,1.0021824238024497,1.018016658825803,4,0,wucmfvlw
saw,saw_c,1.7449681975981062,1.7216165804040084,4,0,wucmfvlw
saw,dog_c,2.3304371274737616,2.3173505195660162,4,0,wucmfvlw
dog,the_c,-2.4002787456733286,-2.4095790812778524,4,0,wucmfvlw
dog,cat_c,0.9868816403938112,1.0002229632141648,4,0,wucmfvlw
dog,saw_c,0.8840510677314457,0.8386676666912287,4,0,wucmfvlw
dog,dog_c,0.7466726194960137,0.7346710836572495,4,0,wucmfvlw
the,the_c,1.1407322884861375,1.1337694239952147,4,1,xccegyqd
the,cat_c,-1.204231285472097,-1.1844556069206158,4,1,xccegyqd
the,saw_c,-2.72594865207129,-2.6932610244142907,4,1,xccegyqd
the,dog_c,-3.9678563500736295,-3.9450255410334276,4,1,xccegyqd
cat,the_c,-3.5733601333746416,-3.543078000255079,4,1,xccegyqd
cat,cat_c,3.7187833120441507,3.6792050664026568,4,1,xccegyqd
cat,saw_c,8.371321432614806,8.344878581714905,4,1,xccegyqd
cat,dog_c,12.166513957270988,12.216102665982737,4,1,xccegyqd
saw,the_c,-1.5177684660242912,-1.5757227964607687,4,1,xccegyqd
saw,cat_c,1.0021824238024497,1.0184704300719978,4,1,xccegyqd
saw,saw_c,1.7449681975981062,1.7227838535966047,4,1,xccegyqd
saw,dog_c,2.3304371274737616,2.3183061136705043,4,1,xccegyqd
dog,the_c,-2.4002787456733286,-2.409862818628212,4,1,xccegyqd
dog,cat_c,0.9868816403938112,1.0002300701927875,4,1,xccegyqd
dog,saw_c,0.8840510677314457,0.8407381797461999,4,1,xccegyqd
dog,dog_c,0.7466726194960137,0.7354822864203663,4,1,xccegyqd
the,the_c,1.1407322884861375,1.1353285826866264,4,2,ccdjurcu
the,cat_c,-1.204231285472097,-1.1838566951366616,4,2,ccdjurcu
the,saw_c,-2.72594865207129,-2.6952610036920985,4,2,ccdjurcu
the,dog_c,-3.9678563500736295,-3.94111916568119,4,2,ccdjurcu
cat,the_c,-3.5733601333746416,-3.54595178165718,4,2,ccdjurcu
cat,cat_c,3.7187833120441507,3.6827740355335274,4,2,ccdjurcu
cat,saw_c,8.371321432614806,8.370473970098725,4,2,ccdjurcu
cat,dog_c,12.166513957270988,12.234843690937408,4,2,ccdjurcu
saw,the_c,-1.5177684660242912,-1.5753318932429068,4,2,ccdjurcu
saw,cat_c,1.0021824238024497,1.0180815476730827,4,2,ccdjurcu
saw,saw_c,1.7449681975981062,1.7240330037265532,4,2,ccdjurcu
saw,dog_c,2.3304371274737616,2.3176064978507034,4,2,ccdjurcu
dog,the_c,-2.4002787456733286,-2.4088209424047897,4,2,ccdjurcu
dog,cat_c,0.9868816403938112,0.999536067851989,4,2,ccdjurcu
dog,saw_c,0.8840510677314457,0.8378867210800083,4,2,ccdjurcu
dog,dog_c,0.7466726194960137,0.7328554050728087,4,2,ccdjurcu
the,the_c,1.1407322884861375,1.1347133662705176,4,3,zfiobrva
the,cat_c,-1.204231285472097,-1.1841829594148021,4,3,zfiobrva
the,saw_c,-2.72594865207129,-2.6942822026146436,4,3,zfiobrva
the,dog_c,-3.9678563500736295,-3.9431067236979853,4,3,zfiobrva
cat,the_c,-3.5733601333746416,-3.545051074714006,4,3,zfiobrva
cat,cat_c,3.7187833120441507,3.6813429755189624,4,3,zfiobrva
cat,saw_c,8.371321432614806,8.358569330529301,4,3,zfiobrva
cat,dog_c,12.166513957270988,12.226892787855592,4,3,zfiobrva
saw,the_c,-1.5177684660242912,-1.5755391881110032,4,3,zfiobrva
saw,cat_c,1.0021824238024497,1.0182260495807918,4,3,zfiobrva
saw,saw_c,1.7449681975981062,1.723168718814351,4,3,zfiobrva
saw,dog_c,2.3304371274737616,2.317888666857306,4,3,zfiobrva
dog,the_c,-2.4002787456733286,-2.409824384554394,4,3,zfiobrva
dog,cat_c,0.9868816403938112,1.000021895685957,4,3,zfiobrva
dog,saw_c,0.8840510677314457,0.8390030451866157,4,3,zfiobrva
dog,dog_c,0.7466726194960137,0.734265699461186,4,3,zfiobrva
the,the_c,1.1407322884861375,1.1341868899900538,4,4,hhcugofm
the,cat_c,-1.204231285472097,-1.1848424706048428,4,4,hhcugofm
the,saw_c,-2.72594865207129,-2.6935901497311203,4,4,hhcugofm
the,dog_c,-3.9678563500736295,-3.9448936111651696,4,4,hhcugofm
cat,the_c,-3.5733601333746416,-3.545015592201396,4,4,hhcugofm
cat,cat_c,3.7187833120441507,3.6804413227090365,4,4,hhcugofm
cat,saw_c,8.371321432614806,8.345366379422174,4,4,hhcugofm
cat,dog_c,12.166513957270988,12.214723253709098,4,4,hhcugofm
saw,the_c,-1.5177684660242912,-1.5744070660579914,4,4,hhcugofm
saw,cat_c,1.0021824238024497,1.01812140770146,4,4,hhcugofm
saw,saw_c,1.7449681975981062,1.7221638893573914,4,4,hhcugofm
saw,dog_c,2.3304371274737616,2.317792638630257,4,4,hhcugofm
dog,the_c,-2.4002787456733286,-2.4093402421187293,4,4,hhcugofm
dog,cat_c,0.9868816403938112,1.0001151338965448,4,4,hhcugofm
dog,saw_c,0.8840510677314457,0.8395818519836269,4,4,hhcugofm
dog,dog_c,0.7466726194960137,0.7348122402055378,4,4,hhcugofm
the,the_c,1.1407322884861375,1.1606435171223333,5,0,czcfkfij
the,cat_c,-1.204231285472097,-1.1511522230000861,5,0,czcfkfij
the,saw_c,-2.72594865207129,-2.743382463885637,5,0,czcfkfij
the,dog_c,-3.9678563500736295,-3.8849773344083514,5,0,czcfkfij
cat,the_c,-3.5733601333746416,-3.600266472140374,5,0,czcfkfij
cat,cat_c,3.7187833120441507,3.5901493622210228,5,0,czcfkfij
cat,saw_c,8.371321432614806,8.577097205308885,5,0,czcfkfij
cat,dog_c,12.166513957270988,12.154623113822028,5,0,czcfkfij
saw,the_c,-1.5177684660242912,-1.5228818484333473,5,0,czcfkfij
saw,cat_c,1.0021824238024497,0.9971742550173698,5,0,czcfkfij
saw,saw_c,1.7449681975981062,1.8136538389965433,5,0,czcfkfij
saw,dog_c,2.3304371274737616,2.3461594161000385,5,0,czcfkfij
dog,the_c,-2.4002787456733286,-2.368178341900861,5,0,czcfkfij
dog,cat_c,0.9868816403938112,0.9965868298410161,5,0,czcfkfij
dog,saw_c,0.8840510677314457,0.8923363359716556,5,0,czcfkfij
dog,dog_c,0.7466726194960137,0.6782391039059779,5,0,czcfkfij
the,the_c,1.1407322884861375,1.160596467467387,5,1,lcwpepav
the,cat_c,-1.204231285472097,-1.1511580550680938,5,1,lcwpepav
the,saw_c,-2.72594865207129,-2.7421351328966015,5,1,lcwpepav
the,dog_c,-3.9678563500736295,-3.88508724407852,5,1,lcwpepav
cat,the_c,-3.5733601333746416,-3.600260760767932,5,1,lcwpepav
cat,cat_c,3.7187833120441507,3.591409680962549,5,1,lcwpepav
cat,saw_c,8.371321432614806,8.577372212485118,5,1,lcwpepav
cat,dog_c,12.166513957270988,12.161328335658972,5,1,lcwpepav
saw,the_c,-1.5177684660242912,-1.5230924009388043,5,1,lcwpepav
saw,cat_c,1.0021824238024497,0.9973671892856969,5,1,lcwpepav
saw,saw_c,1.7449681975981062,1.813010600534934,5,1,lcwpepav
saw,dog_c,2.3304371274737616,2.3472267812300682,5,1,lcwpepav
dog,the_c,-2.4002787456733286,-2.367690428375276,5,1,lcwpepav
dog,cat_c,0.9868816403938112,0.9962453529347379,5,1,lcwpepav
dog,saw_c,0.8840510677314457,0.8906875647312804,5,1,lcwpepav
dog,dog_c,0.7466726194960137,0.6785689442879732,5,1,lcwpepav
the,the_c,1.1407322884861375,1.1593228805758882,5,2,kkyyrbfl
the,cat_c,-1.204231285472097,-1.1512713507331649,5,2,kkyyrbfl
the,saw_c,-2.72594865207129,-2.7429566101280547,5,2,kkyyrbfl
the,dog_c,-3.9678563500736295,-3.8883180240828636,5,2,kkyyrbfl
cat,the_c,-3.5733601333746416,-3.6025609299292896,5,2,kkyyrbfl
cat,cat_c,3.7187833120441507,3.5932775386631564,5,2,kkyyrbfl
cat,saw_c,8.371321432614806,8.57845003007969,5,2,kkyyrbfl
cat,dog_c,12.166513957270988,12.167309687142351,5,2,kkyyrbfl
saw,the_c,-1.5177684660242912,-1.5233480626491032,5,2,kkyyrbfl
saw,cat_c,1.0021824238024497,0.9979519078282411,5,2,kkyyrbfl
saw,saw_c,1.7449681975981062,1.811632111673573,5,2,kkyyrbfl
saw,dog_c,2.3304371274737616,2.3455426555069767,5,2,kkyyrbfl
dog,the_c,-2.4002787456733286,-2.363071435511406,5,2,kkyyrbfl
dog,cat_c,0.9868816403938112,0.9967361618090409,5,2,kkyyrbfl
dog,saw_c,0.8840510677314457,0.8905461533753514,5,2,kkyyrbfl
dog,dog_c,0.7466726194960137,0.6788146378656283,5,2,kkyyrbfl
the,the_c,1.1407322884861375,1.1607197927032422,5,3,zlswgpuh
the,cat_c,-1.204231285472097,-1.1512679143151527,5,3,zlswgpuh
the,saw_c,-2.72594865207129,-2.7385553582313453,5,3,zlswgpuh
the,dog_c,-3.9678563500736295,-3.8877976108609227,5,3,zlswgpuh
cat,the_c,-3.5733601333746416,-3.5992417994281256,5,3,zlswgpuh
cat,cat_c,3.7187833120441507,3.5957199827297863,5,3,zlswgpuh
cat,saw_c,8.371321432614806,8.581474013375978,5,3,zlswgpuh
cat,dog_c,12.166513957270988,12.19395641371182,5,3,zlswgpuh
saw,the_c,-1.5177684660242912,-1.5235258644038516,5,3,zlswgpuh
saw,cat_c,1.0021824238024497,0.998248917492666,5,3,zlswgpuh
saw,saw_c,1.7449681975981062,1.813159622753647,5,3,zlswgpuh
saw,dog_c,2.3304371274737616,2.3504433023448863,5,3,zlswgpuh
dog,the_c,-2.4002787456733286,-2.3682773366573517,5,3,zlswgpuh
dog,cat_c,0.9868816403938112,0.9967371818816797,5,3,zlswgpuh
dog,saw_c,0.8840510677314457,0.8907463667492891,5,3,zlswgpuh
dog,dog_c,0.7466726194960137,0.6749618144898504,5,3,zlswgpuh
the,the_c,1.1407322884861375,1.16011136985164,5,4,pldjnvll
the,cat_c,-1.204231285472097,-1.1514326225640776,5,4,pldjnvll
the,saw_c,-2.72594865207129,-2.7389905153896894,5,4,pldjnvll
the,dog_c,-3.9678563500736295,-3.887684687167631,5,4,pldjnvll
cat,the_c,-3.5733601333746416,-3.597342684562128,5,4,pldjnvll
cat,cat_c,3.7187833120441507,3.598072179921572,5,4,pldjnvll
cat,saw_c,8.371321432614806,8.589185431824449,5,4,pldjnvll
cat,dog_c,12.166513957270988,12.203481592566831,5,4,pldjnvll
saw,the_c,-1.5177684660242912,-1.5233183312759704,5,4,pldjnvll
saw,cat_c,1.0021824238024497,0.9985082936214401,5,4,pldjnvll
saw,saw_c,1.7449681975981062,1.8141218917902648,5,4,pldjnvll
saw,dog_c,2.3304371274737616,2.3499601643849664,5,4,pldjnvll
dog,the_c,-2.4002787456733286,-2.3680682099827632,5,4,pldjnvll
dog,cat_c,0.9868816403938112,0.9969175600133915,5,4,pldjnvll
dog,saw_c,0.8840510677314457,0.8923003599576833,5,4,pldjnvll
dog,dog_c,0.7466726194960137,0.6734409167877453,5,4,pldjnvll
the,the_c,1.1407322884861375,1.1472418342431479,6,0,zsfnfsos
the,cat_c,-1.204231285472097,-1.2078103929599138,6,0,zsfnfsos
the,saw_c,-2.72594865207129,-2.701358277956483,6,0,zsfnfsos
the,dog_c,-3.9678563500736295,-3.8923282868099482,6,0,zsfnfsos
cat,the_c,-3.5733601333746416,-3.5121078869667537,6,0,zsfnfsos
cat,cat_c,3.7187833120441507,3.6958562730234927,6,0,zsfnfsos
cat,saw_c,8.371321432614806,8.264683078314398,6,0,zsfnfsos
cat,dog_c,12.166513957270988,11.907821039616003,6,0,zsfnfsos
saw,the_c,-1.5177684660242912,-1.521745552570376,6,0,zsfnfsos
saw,cat_c,1.0021824238024497,1.0069945853087343,6,0,zsfnfsos
saw,saw_c,1.7449681975981062,1.7628444672355783,6,0,zsfnfsos
saw,dog_c,2.3304371274737616,2.333488021953106,6,0,zsfnfsos
dog,the_c,-2.4002787456733286,-2.4458521409692913,6,0,zsfnfsos
dog,cat_c,0.9868816403938112,0.9851131564932294,6,0,zsfnfsos
dog,saw_c,0.8840510677314457,0.895849492390505,6,0,zsfnfsos
dog,dog_c,0.7466726194960137,0.7389671641285397,6,0,zsfnfsos
the,the_c,1.1407322884861375,1.1458905340180492,6,1,eqnxanut
the,cat_c,-1.204231285472097,-1.2071437936902651,6,1,eqnxanut
the,saw_c,-2.72594865207129,-2.70095264633225,6,1,eqnxanut
the,dog_c,-3.9678563500736295,-3.8923247081441974,6,1,eqnxanut
cat,the_c,-3.5733601333746416,-3.510827041005445,6,1,eqnxanut
cat,cat_c,3.7187833120441507,3.697253001168375,6,1,eqnxanut
cat,saw_c,8.371321432614806,8.271485563533885,6,1,eqnxanut
cat,dog_c,12.166513957270988,11.919549106312912,6,1,eqnxanut
saw,the_c,-1.5177684660242912,-1.520471817244486,6,1,eqnxanut
saw,cat_c,1.0021824238024497,1.0061608093151622,6,1,eqnxanut
saw,saw_c,1.7449681975981062,1.7624356542157007,6,1,eqnxanut
saw,dog_c,2.3304371274737616,2.3325073302995696,6,1,eqnxanut
dog,the_c,-2.4002787456733286,-2.445833725251663,6,1,eqnxanut
dog,cat_c,0.9868816403938112,0.984753032934558,6,1,eqnxanut
dog,saw_c,0.8840510677314457,0.8968859925701915,6,1,eqnxanut
dog,dog_c,0.7466726194960137,0.7383754456116169,6,1,eqnxanut
the,the_c,1.1407322884861375,1.1469335622396877,6,2,vaocrsop
the,cat_c,-1.204231285472097,-1.2072453735975883,6,2,vaocrsop
the,saw_c,-2.72594865207129,-2.7008065098028906,6,2,vaocrsop
the,dog_c,-3.9678563500736295,-3.8911908695015467,6,2,vaocrsop
cat,the_c,-3.5733601333746416,-3.5140458838185165,6,2,vaocrsop
cat,cat_c,3.7187833120441507,3.694707157687259,6,2,vaocrsop
cat,saw_c,8.371321432614806,8.262276560752703,6,2,vaocrsop
cat,dog_c,12.166513957270988,11.902452240492227,6,2,vaocrsop
saw,the_c,-1.5177684660242912,-1.5219445588224694,6,2,vaocrsop
saw,cat_c,1.0021824238024497,1.0068530079785984,6,2,vaocrsop
saw,saw_c,1.7449681975981062,1.7633342478827418,6,2,vaocrsop
saw,dog_c,2.3304371274737616,2.3335899814108068,6,2,vaocrsop
dog,the_c,-2.4002787456733286,-2.4465042770654533,6,2,vaocrsop
dog,cat_c,0.9868816403938112,0.985065036285145,6,2,vaocrsop
dog,saw_c,0.8840510677314457,0.8967789392268435,6,2,vaocrsop
dog,dog_c,0.7466726194960137,0.7391295217267595,6,2,vaocrsop
the,the_c,1.1407322884861375,1.1475102464825322,6,3,ubfuevld
the,cat_c,-1.204231285472097,-1.2082901979570626,6,3,ubfuevld
the,saw_c,-2.72594865207129,-2.7014930906514754,6,3,ubfuevld
the,dog_c,-3.9678563500736295,-3.89318638652922,6,3,ubfuevld
cat,the_c,-3.5733601333746416,-3.5113452885492684,6,3,ubfuevld
cat,cat_c,3.7187833120441507,3.696585803427663,6,3,ubfuevld
cat,saw_c,8.371321432614806,8.264208142723984,6,3,ubfuevld
cat,dog_c,12.166513957270988,11.909490069690158,6,3,ubfuevld
saw,the_c,-1.5177684660242912,-1.521590470297486,6,3,ubfuevld
saw,cat_c,1.0021824238024497,1.0071314522765906,6,3,ubfuevld
saw,saw_c,1.7449681975981062,1.7625181338912834,6,3,ubfuevld
saw,dog_c,2.3304371274737616,2.3335684605086224,6,3,ubfuevld
dog,the_c,-2.4002787456733286,-2.4456963075850853,6,3,ubfuevld
dog,cat_c,0.9868816403938112,0.9851953411254659,6,3,ubfuevld
dog,saw_c,0.8840510677314457,0.8954400857212077,6,3,ubfuevld
dog,dog_c,0.7466726194960137,0.7388151102745911,6,3,ubfuevld
the,the_c,1.1407322884861375,1.1467299108075406,6,4,agvmaibj
the,cat_c,-1.204231285472097,-1.2080557210874823,6,4,agvmaibj
the,saw_c,-2.72594865207129,-2.7009484633208145,6,4,agvmaibj
the,dog_c,-3.9678563500736295,-3.893069005979305,6,4,agvmaibj
cat,the_c,-3.5733601333746416,-3.512413350854789,6,4,agvmaibj
cat,cat_c,3.7187833120441507,3.6963616586617403,6,4,agvmaibj
cat,saw_c,8.371321432614806,8.261066488243076,6,4,agvmaibj
cat,dog_c,12.166513957270988,11.905908498866207,6,4,agvmaibj
saw,the_c,-1.5177684660242912,-1.5210898623869993,6,4,agvmaibj
saw,cat_c,1.0021824238024497,1.0068883896495204,6,4,agvmaibj
saw,saw_c,1.7449681975981062,1.7629970334491512,6,4,agvmaibj
saw,dog_c,2.3304371274737616,2.3339479164798704,6,4,agvmaibj
dog,the_c,-2.4002787456733286,-2.4463114361577434,6,4,agvmaibj
dog,cat_c,0.9868816403938112,0.9848686518185884,6,4,agvmaibj
dog,saw_c,0.8840510677314457,0.8967285348818665,6,4,agvmaibj
dog,dog_c,0.7466726194960137,0.7385843162890692,6,4,agvmaibj
the,the_c,1.1407322884861375,1.1155786220995096,7,0,msgfsokf
the,cat_c,-1.204231285472097,-1.2030570429485603,7,0,msgfsokf
the,saw_c,-2.72594865207129,-2.7025348070968516,7,0,msgfsokf
the,dog_c,-3.9678563500736295,-3.9361556303951315,7,0,msgfsokf
cat,the_c,-3.5733601333746416,-3.5393032758370873,7,0,msgfsokf
cat,cat_c,3.7187833120441507,3.733640344717003,7,0,msgfsokf
cat,saw_c,8.371321432614806,8.313380126558368,7,0,msgfsokf
cat,dog_c,12.166513957270988,12.079507010860933,7,0,msgfsokf
saw,the_c,-1.5177684660242912,-1.4665847529571896,7,0,msgfsokf
saw,cat_c,1.0021824238024497,0.9930266627476201,7,0,msgfsokf
saw,saw_c,1.7449681975981062,1.7084333570745414,7,0,msgfsokf
saw,dog_c,2.3304371274737616,2.285492795584833,7,0,msgfsokf
dog,the_c,-2.4002787456733286,-2.402293913048435,7,0,msgfsokf
dog,cat_c,0.9868816403938112,1.018681709113975,7,0,msgfsokf
dog,saw_c,0.8840510677314457,0.8933662595434753,7,0,msgfsokf
dog,dog_c,0.7466726194960137,0.7595381316267051,7,0,msgfsokf
the,the_c,1.1407322884861375,1.1151958853648283,7,1,bpyvqhoz
the,cat_c,-1.204231285472097,-1.2023640628393393,7,1,bpyvqhoz
the,saw_c,-2.72594865207129,-2.7033073990794447,7,1,bpyvqhoz
the,dog_c,-3.9678563500736295,-3.935712242366969,7,1,bpyvqhoz
cat,the_c,-3.5733601333746416,-3.538733600879717,7,1,bpyvqhoz
cat,cat_c,3.7187833120441507,3.7342679264797702,7,1,bpyvqhoz
cat,saw_c,8.371321432614806,8.323648973398496,7,1,bpyvqhoz
cat,dog_c,12.166513957270988,12.09033636320044,7,1,bpyvqhoz
saw,the_c,-1.5177684660242912,-1.4673216666163031,7,1,bpyvqhoz
saw,cat_c,1.0021824238024497,0.9935344262162202,7,1,bpyvqhoz
saw,saw_c,1.7449681975981062,1.7096374529549405,7,1,bpyvqhoz
saw,dog_c,2.3304371274737616,2.286055984239181,7,1,bpyvqhoz
dog,the_c,-2.4002787456733286,-2.400822165264092,7,1,bpyvqhoz
dog,cat_c,0.9868816403938112,1.0193116895391752,7,1,bpyvqhoz
dog,saw_c,0.8840510677314457,0.8941024045774051,7,1,bpyvqhoz
dog,dog_c,0.7466726194960137,0.7604588452207262,7,1,bpyvqhoz
the,the_c,1.1407322884861375,1.1158569560392837,7,2,srxteqix
the,cat_c,-1.204231285472097,-1.2023150514165182,7,2,srxteqix
the,saw_c,-2.72594865207129,-2.703612236337375,7,2,srxteqix
the,dog_c,-3.9678563500736295,-3.935620135008186,7,2,srxteqix
cat,the_c,-3.5733601333746416,-3.539194669904099,7,2,srxteqix
cat,cat_c,3.7187833120441507,3.7351347741031358,7,2,srxteqix
cat,saw_c,8.371321432614806,8.329368746618279,7,2,srxteqix
cat,dog_c,12.166513957270988,12.098016453717264,7,2,srxteqix
saw,the_c,-1.5177684660242912,-1.4670922877698929,7,2,srxteqix
saw,cat_c,1.0021824238024497,0.9932901007956039,7,2,srxteqix
saw,saw_c,1.7449681975981062,1.7103270162129176,7,2,srxteqix
saw,dog_c,2.3304371274737616,2.2873892938857923,7,2,srxteqix
dog,the_c,-2.4002787456733286,-2.402728639389494,7,2,srxteqix
dog,cat_c,0.9868816403938112,1.0193305537345434,7,2,srxteqix
dog,saw_c,0.8840510677314457,0.8941471110510969,7,2,srxteqix
dog,dog_c,0.7466726194960137,0.7610700531116309,7,2,srxteqix
the,the_c,1.1407322884861375,1.1158056100867333,7,3,pwwrjgvi
the,cat_c,-1.204231285472097,-1.2024813876927472,7,3,pwwrjgvi
the,saw_c,-2.72594865207129,-2.7034624848753777,7,3,pwwrjgvi
the,dog_c,-3.9678563500736295,-3.935392341471425,7,3,pwwrjgvi
cat,the_c,-3.5733601333746416,-3.5389697108568194,7,3,pwwrjgvi
cat,cat_c,3.7187833120441507,3.735175355118156,7,3,pwwrjgvi
cat,saw_c,8.371321432614806,8.327513812304272,7,3,pwwrjgvi
cat,dog_c,12.166513957270988,12.095166451253526,7,3,pwwrjgvi
saw,the_c,-1.5177684660242912,-1.4664826998361746,7,3,pwwrjgvi
saw,cat_c,1.0021824238024497,0.9930849580467473,7,3,pwwrjgvi
saw,saw_c,1.7449681975981062,1.7099860972256327,7,3,pwwrjgvi
saw,dog_c,2.3304371274737616,2.287129069707415,7,3,pwwrjgvi
dog,the_c,-2.4002787456733286,-2.402533360110305,7,3,pwwrjgvi
dog,cat_c,0.9868816403938112,1.0190441269539199,7,3,pwwrjgvi
dog,saw_c,0.8840510677314457,0.8936627779103554,7,3,pwwrjgvi
dog,dog_c,0.7466726194960137,0.7606712210556646,7,3,pwwrjgvi
the,the_c,1.1407322884861375,1.1153780961381952,7,4,fshqvrhw
the,cat_c,-1.204231285472097,-1.2019108367281368,7,4,fshqvrhw
the,saw_c,-2.72594865207129,-2.7036331117893573,7,4,fshqvrhw
the,dog_c,-3.9678563500736295,-3.9347785167315217,7,4,fshqvrhw
cat,the_c,-3.5733601333746416,-3.538244219755778,7,4,fshqvrhw
cat,cat_c,3.7187833120441507,3.735617147581188,7,4,fshqvrhw
cat,saw_c,8.371321432614806,8.334288978960858,7,4,fshqvrhw
cat,dog_c,12.166513957270988,12.102880353633335,7,4,fshqvrhw
saw,the_c,-1.5177684660242912,-1.467369565944168,7,4,fshqvrhw
saw,cat_c,1.0021824238024497,0.993561506579959,7,4,fshqvrhw
saw,saw_c,1.7449681975981062,1.7109375906983422,7,4,fshqvrhw
saw,dog_c,2.3304371274737616,2.287612266830184,7,4,fshqvrhw
dog,the_c,-2.4002787456733286,-2.401176951660971,7,4,fshqvrhw
dog,cat_c,0.9868816403938112,1.0192504131347286,7,4,fshqvrhw
dog,saw_c,0.8840510677314457,0.8943228945597352,7,4,fshqvrhw
dog,dog_c,0.7466726194960137,0.7613588426080324,7,4,fshqvrhw
the,the_c,1.1407322884861375,1.0463727051490852,8,0,pkwjcydq
the,cat_c,-1.204231285472097,-1.163299419572456,8,0,pkwjcydq
the,saw_c,-2.72594865207129,-2.744083557661164,8,0,pkwjcydq
the,dog_c,-3.9678563500736295,-3.850499919155517,8,0,pkwjcydq
cat,the_c,-3.5733601333746416,-3.5224737954753413,8,0,pkwjcydq
cat,cat_c,3.7187833120441507,3.750220154238602,8,0,pkwjcydq
cat,saw_c,8.371321432614806,8.698713433776128,8,0,pkwjcydq
cat,dog_c,12.166513957270988,12.149324566670161,8,0,pkwjcydq
saw,the_c,-1.5177684660242912,-1.488576489596098,8,0,pkwjcydq
saw,cat_c,1.0021824238024497,1.0039586251615815,8,0,pkwjcydq
saw,saw_c,1.7449681975981062,1.7889454245678054,8,0,pkwjcydq
saw,dog_c,2.3304371274737616,2.287669090164254,8,0,pkwjcydq
dog,the_c,-2.4002787456733286,-2.3670667911023937,8,0,pkwjcydq
dog,cat_c,0.9868816403938112,0.9962865209162175,8,0,pkwjcydq
dog,saw_c,0.8840510677314457,0.8949170568972831,8,0,pkwjcydq
dog,dog_c,0.7466726194960137,0.696599101411594,8,0,pkwjcydq
the,the_c,1.1407322884861375,1.045526975740928,8,1,jxjlnwcd
the,cat_c,-1.204231285472097,-1.1641141458035813,8,1,jxjlnwcd
the,saw_c,-2.72594865207129,-2.746576860805127,8,1,jxjlnwcd
the,dog_c,-3.9678563500736295,-3.849123935964488,8,1,jxjlnwcd
cat,the_c,-3.5733601333746416,-3.5208707895091225,8,1,jxjlnwcd
cat,cat_c,3.7187833120441507,3.7495362565157193,8,1,jxjlnwcd
cat,saw_c,8.371321432614806,8.694511081048091,8,1,jxjlnwcd
cat,dog_c,12.166513957270988,12.126484910118306,8,1,jxjlnwcd
saw,the_c,-1.5177684660242912,-1.4882375830551984,8,1,jxjlnwcd
saw,cat_c,1.0021824238024497,1.004730800427169,8,1,jxjlnwcd
saw,saw_c,1.7449681975981062,1.7894941417979895,8,1,jxjlnwcd
saw,dog_c,2.3304371274737616,2.2853109834991745,8,1,jxjlnwcd
dog,the_c,-2.4002787456733286,-2.365572484538766,8,1,jxjlnwcd
dog,cat_c,0.9868816403938112,0.9974479143847307,8,1,jxjlnwcd
dog,saw_c,0.8840510677314457,0.8957062081901201,8,1,jxjlnwcd
dog,dog_c,0.7466726194960137,0.6970016387497945,8,1,jxjlnwcd
the,the_c,1.1407322884861375,1.0440928978841069,8,2,wmrjdfqv
the,cat_c,-1.204231285472097,-1.164340230557797,8,2,wmrjdfqv
the,saw_c,-2.72594865207129,-2.745173030177557,8,2,wmrjdfqv
the,dog_c,-3.9678563500736295,-3.8484923691728268,8,2,wmrjdfqv
cat,the_c,-3.5733601333746416,-3.5205805530789633,8,2,wmrjdfqv
cat,cat_c,3.7187833120441507,3.7529383174096136,8,2,wmrjdfqv
cat,saw_c,8.371321432614806,8.694672352394571,8,2,wmrjdfqv
cat,dog_c,12.166513957270988,12.130025246335382,8,2,wmrjdfqv
saw,the_c,-1.5177684660242912,-1.4866563075526964,8,2,wmrjdfqv
saw,cat_c,1.0021824238024497,1.0048245427816485,8,2,wmrjdfqv
saw,saw_c,1.7449681975981062,1.7894030945932797,8,2,wmrjdfqv
saw,dog_c,2.3304371274737616,2.2854597908167196,8,2,wmrjdfqv
dog,the_c,-2.4002787456733286,-2.3663094069270008,8,2,wmrjdfqv
dog,cat_c,0.9868816403938112,0.9980539501218382,8,2,wmrjdfqv
dog,saw_c,0.8840510677314457,0.8966792228983111,8,2,wmrjdfqv
dog,dog_c,0.7466726194960137,0.6964610517287013,8,2,wmrjdfqv
the,the_c,1.1407322884861375,1.0460946243989104,8,3,eoamjvyn
the,cat_c,-1.204231285472097,-1.162780216843077,8,3,eoamjvyn
the,saw_c,-2.72594865207129,-2.744289678435068,8,3,eoamjvyn
the,dog_c,-3.9678563500736295,-3.8495603351481824,8,3,eoamjvyn
cat,the_c,-3.5733601333746416,-3.5246351720235363,8,3,eoamjvyn
cat,cat_c,3.7187833120441507,3.7511080573101037,8,3,eoamjvyn
cat,saw_c,8.371321432614806,8.70392375848748,8,3,eoamjvyn
cat,dog_c,12.166513957270988,12.152053469878032,8,3,eoamjvyn
saw,the_c,-1.5177684660242912,-1.4874173055511901,8,3,eoamjvyn
saw,cat_c,1.0021824238024497,1.0042745854199209,8,3,eoamjvyn
saw,saw_c,1.7449681975981062,1.7895763967581577,8,3,eoamjvyn
saw,dog_c,2.3304371274737616,2.286811931584005,8,3,eoamjvyn
dog,the_c,-2.4002787456733286,-2.365857667495561,8,3,eoamjvyn
dog,cat_c,0.9868816403938112,0.9981661077054976,8,3,eoamjvyn
dog,saw_c,0.8840510677314457,0.8962189154876474,8,3,eoamjvyn
dog,dog_c,0.7466726194960137,0.6952873028326951,8,3,eoamjvyn
the,the_c,1.1407322884861375,1.0459450902445975,8,4,zklzimaw
the,cat_c,-1.204231285472097,-1.1630471967039044,8,4,zklzimaw
the,saw_c,-2.72594865207129,-2.744752464031143,8,4,zklzimaw
the,dog_c,-3.9678563500736295,-3.8491988076191004,8,4,zklzimaw
cat,the_c,-3.5733601333746416,-3.523931167108677,8,4,zklzimaw
cat,cat_c,3.7187833120441507,3.7510651376106665,8,4,zklzimaw
cat,saw_c,8.371321432614806,8.702747352439308,8,4,zklzimaw
cat,dog_c,12.166513957270988,12.147050226862174,8,4,zklzimaw
saw,the_c,-1.5177684660242912,-1.487507534712471,8,4,zklzimaw
saw,cat_c,1.0021824238024497,1.004395937949405,8,4,zklzimaw
saw,saw_c,1.7449681975981062,1.789607081096327,8,4,zklzimaw
saw,dog_c,2.3304371274737616,2.2863771851401817,8,4,zklzimaw
dog,the_c,-2.4002787456733286,-2.3657356437899697,8,4,zklzimaw
dog,cat_c,0.9868816403938112,0.9981116200917086,8,4,zklzimaw
dog,saw_c,0.8840510677314457,0.8962008694820087,8,4,zklzimaw
dog,dog_c,0.7466726194960137,0.6955927450613022,8,4,zklzimaw
the,the_c,1.1407322884861375,1.130313561676547,9,0,tghyzddn
the,cat_c,-1.204231285472097,-1.2542964244318437,9,0,tghyzddn
the,saw_c,-2.72594865207129,-2.7478913090143746,9,0,tghyzddn
the,dog_c,-3.9678563500736295,-3.98161810086874,9,0,tghyzddn
cat,the_c,-3.5733601333746416,-3.5399932695167395,9,0,tghyzddn
cat,cat_c,3.7187833120441507,3.752002868846584,9,0,tghyzddn
cat,saw_c,8.371321432614806,8.077716508299275,9,0,tghyzddn
cat,dog_c,12.166513957270988,11.64621187081256,9,0,tghyzddn
saw,the_c,-1.5177684660242912,-1.4694601480863683,9,0,tghyzddn
saw,cat_c,1.0021824238024497,1.008481155245712,9,0,tghyzddn
saw,saw_c,1.7449681975981062,1.7078326231318104,9,0,tghyzddn
saw,dog_c,2.3304371274737616,2.269289874204608,9,0,tghyzddn
dog,the_c,-2.4002787456733286,-2.403220372526868,9,0,tghyzddn
dog,cat_c,0.9868816403938112,1.01813776364301,9,0,tghyzddn
dog,saw_c,0.8840510677314457,0.901495703173643,9,0,tghyzddn
dog,dog_c,0.7466726194960137,0.7621787538117848,9,0,tghyzddn
the,the_c,1.1407322884861375,1.1280356488933436,9,1,ozezoyxq
the,cat_c,-1.204231285472097,-1.253161817620139,9,1,ozezoyxq
the,saw_c,-2.72594865207129,-2.750084158081953,9,1,ozezoyxq
the,dog_c,-3.9678563500736295,-3.9863280744257117,9,1,ozezoyxq
cat,the_c,-3.5733601333746416,-3.537305239325639,9,1,ozezoyxq
cat,cat_c,3.7187833120441507,3.7524606699979723,9,1,ozezoyxq
cat,saw_c,8.371321432614806,8.090243731123923,9,1,ozezoyxq
cat,dog_c,12.166513957270988,11.667890158940978,9,1,ozezoyxq
saw,the_c,-1.5177684660242912,-1.465719558360604,9,1,ozezoyxq
saw,cat_c,1.0021824238024497,1.0079027033701404,9,1,ozezoyxq
saw,saw_c,1.7449681975981062,1.7056679554876553,9,1,ozezoyxq
saw,dog_c,2.3304371274737616,2.2653199913893074,9,1,ozezoyxq
dog,the_c,-2.4002787456733286,-2.4015144529309826,9,1,ozezoyxq
dog,cat_c,0.9868816403938112,1.0232637210349194,9,1,ozezoyxq
dog,saw_c,0.8840510677314457,0.9036931486564275,9,1,ozezoyxq
dog,dog_c,0.7466726194960137,0.7609333443194842,9,1,ozezoyxq
the,the_c,1.1407322884861375,1.1292845318978313,9,2,vsummocj
the,cat_c,-1.204231285472097,-1.2529430906942751,9,2,vsummocj
the,saw_c,-2.72594865207129,-2.7506293948532767,9,2,vsummocj
the,dog_c,-3.9678563500736295,-3.9876151896097833,9,2,vsummocj
cat,the_c,-3.5733601333746416,-3.5373845823055308,9,2,vsummocj
cat,cat_c,3.7187833120441507,3.749769470792775,9,2,vsummocj
cat,saw_c,8.371321432614806,8.0893306146247,9,2,vsummocj
cat,dog_c,12.166513957270988,11.668881489277403,9,2,vsummocj
saw,the_c,-1.5177684660242912,-1.4658668532224433,9,2,vsummocj
saw,cat_c,1.0021824238024497,1.0068302315098379,9,2,vsummocj
saw,saw_c,1.7449681975981062,1.705139665909773,9,2,vsummocj
saw,dog_c,2.3304371274737616,2.2655076894616055,9,2,vsummocj
dog,the_c,-2.4002787456733286,-2.4019685220986298,9,2,vsummocj
dog,cat_c,0.9868816403938112,1.02177057605638,9,2,vsummocj
dog,saw_c,0.8840510677314457,0.9032293167343688,9,2,vsummocj
dog,dog_c,0.7466726194960137,0.7618583267459583,9,2,vsummocj
the,the_c,1.1407322884861375,1.1287160191957013,9,3,btcsfvzu
the,cat_c,-1.204231285472097,-1.2534194573022073,9,3,btcsfvzu
the,saw_c,-2.72594865207129,-2.7498910097464617,9,3,btcsfvzu
the,dog_c,-3.9678563500736295,-3.9850251288380485,9,3,btcsfvzu
cat,the_c,-3.5733601333746416,-3.537879231006681,9,3,btcsfvzu
cat,cat_c,3.7187833120441507,3.750772810340653,9,3,btcsfvzu
cat,saw_c,8.371321432614806,8.083496051636093,9,3,btcsfvzu
cat,dog_c,12.166513957270988,11.654880201681875,9,3,btcsfvzu
saw,the_c,-1.5177684660242912,-1.4653041631395467,9,3,btcsfvzu
saw,cat_c,1.0021824238024497,1.00848380777164,9,3,btcsfvzu
saw,saw_c,1.7449681975981062,1.7071882582320734,9,3,btcsfvzu
saw,dog_c,2.3304371274737616,2.2675676626281565,9,3,btcsfvzu
dog,the_c,-2.4002787456733286,-2.401096910690881,9,3,btcsfvzu
dog,cat_c,0.9868816403938112,1.0233278629506262,9,3,btcsfvzu
dog,saw_c,0.8840510677314457,0.903121300641234,9,3,btcsfvzu
dog,dog_c,0.7466726194960137,0.7606041802433671,9,3,btcsfvzu
the,the_c,1.1407322884861375,1.1269756622763163,9,4,lzohtsye
the,cat_c,-1.204231285472097,-1.253984953298263,9,4,lzohtsye
the,saw_c,-2.72594865207129,-2.7481256121754365,9,4,lzohtsye
the,dog_c,-3.9678563500736295,-3.98236192316719,9,4,lzohtsye
cat,the_c,-3.5733601333746416,-3.5385793379119166,9,4,lzohtsye
cat,cat_c,3.7187833120441507,3.7565633313963263,9,4,lzohtsye
cat,saw_c,8.371321432614806,8.085673436795176,9,4,lzohtsye
cat,dog_c,12.166513957270988,11.656852897798798,9,4,lzohtsye
saw,the_c,-1.5177684660242912,-1.4669261106953388,9,4,lzohtsye
saw,cat_c,1.0021824238024497,1.0098895152564622,9,4,lzohtsye
saw,saw_c,1.7449681975981062,1.7075944195017745,9,4,lzohtsye
saw,dog_c,2.3304371274737616,2.26711625589648,9,4,lzohtsye
dog,the_c,-2.4002787456733286,-2.401608034033291,9,4,lzohtsye
dog,cat_c,0.9868816403938112,1.0234777979806216,9,4,lzohtsye
dog,saw_c,0.8840510677314457,0.9035185535269155,9,4,lzohtsye
dog,dog_c,0.7466726194960137,0.7598709132068358,9,4,lzohtsye
